<?xml version="1.0" encoding="UTF-8"?>
<beans xmlns="http://www.springframework.org/schema/beans"
       xmlns:xsi="http://www.w3.org/2001/XMLSchema-instance"
       xmlns:context="http://www.springframework.org/schema/context"
       xmlns:mvc="http://www.springframework.org/schema/mvc"
       xsi:schemaLocation="http://www.springframework.org/schema/beans
       http://www.springframework.org/schema/beans/spring-beans.xsd
       http://www.springframework.org/schema/context
       http://www.springframework.org/schema/context/spring-context.xsd
       http://www.springframework.org/schema/mvc
       http://www.springframework.org/schema/mvc/spring-mvc.xsd">

    <context:component-scan base-package="controller"/>

    <mvc:annotation-driven>
        <mvc:message-converters register-defaults="true">
            <bean id="stringHttpMessageConverter" class="org.springframework.http.converter.StringHttpMessageConverter">
                <property name="supportedMediaTypes"  value="application/json;charset=UTF-8"/>
            </bean>
        </mvc:message-converters>
    </mvc:annotation-driven>

    <bean class="org.springframework.web.servlet.view.InternalResourceViewResolver">
        <property name="prefix" value="/WEB-INF/"/>
        <property name="suffix" value=".html"/>
    </bean>

    <bean class="org.springframework.web.multipart.commons.CommonsMultipartResolver" id="multipartResolver">
        <property name="defaultEncoding" value="UTF-8"></property>
        <property name="maxUploadSize" value="10000000"/>
    </bean>

    <!--<mvc:interceptors>-->
        <!--<mvc:interceptor>-->
            <!--<mvc:mapping path="/**"/>-->
            <!--<mvc:exclude-mapping path="/user/**"/>-->
            <!--&lt;!&ndash;<mvc:exclude-mapping path="/images/*"/>&ndash;&gt;-->
            <!--<bean class="interceptor.LoginInterceptor"></bean>-->
        <!--</mvc:interceptor>-->
    <!--</mvc:interceptors>-->

    <mvc:default-servlet-handler/>
</beans>