<?xml version="1.0" encoding="UTF-8"?>
<beans xmlns="http://www.springframework.org/schema/beans"
       xmlns:xsi="http://www.w3.org/2001/XMLSchema-instance"
       xmlns:context="http://www.springframework.org/schema/context"
       xmlns:util="http://www.springframework.org/schema/util"
       xsi:schemaLocation="http://www.springframework.org/schema/beans
       http://www.springframework.org/schema/beans/spring-beans.xsd
       http://www.springframework.org/schema/context
       http://www.springframework.org/schema/context/spring-context.xsd
        http://www.springframework.org/schema/util
    http://www.springframework.org/schema/util/spring-util.xsd">


    <context:property-placeholder location="classpath:db.properties" ignore-unresolvable="true"/>

    <util:properties location="classpath:db.properties" id="dbConfig"></util:properties>

    <bean class="com.alibaba.druid.pool.DruidDataSource" id="dataSource">
        <property name="driverClassName" value="#{dbConfig.driver}"/>
        <property name="url" value="#{dbConfig.url}"/>
        <property name="username" value="#{dbConfig.username}"/>
        <property name="password" value="#{dbConfig.password}"/>
    </bean>

    <bean class="org.mybatis.spring.SqlSessionFactoryBean">
        <property name="configLocation" value="classpath:mybatisConfig.xml"/>
        <property name="mapperLocations" value="classpath:mappers/*.xml"/>
        <property name="dataSource" ref="dataSource"/>
    </bean>

    <bean class="org.mybatis.spring.mapper.MapperScannerConfigurer">
        <property name="basePackage" value="dao"/>
    </bean>

    <bean class="org.springframework.jdbc.core.JdbcTemplate" id="jdbcTemplate">
        <property name="dataSource" ref="dataSource"></property>
    </bean>

    <bean class="org.springframework.jdbc.core.namedparam.NamedParameterJdbcTemplate" id="namedParameterJdbcTemplate">
        <constructor-arg name="dataSource" ref="dataSource"></constructor-arg>
    </bean>

</beans>